Series Name,Series Code,Country Name,Country Code,1990 [YR1990],2000 [YR2000],2013 [YR2013],2014 [YR2014],2015 [YR2015],2016 [YR2016],2017 [YR2017],2018 [YR2018],2019 [YR2019],2020 [YR2020],2021 [YR2021],2022 [YR2022]
"Incidence of malaria (per 1,000 population at risk)",SH.MLR.INCD.P3,Afghanistan,AFG,..,87.1578290518573,11.5017605507801,12.6553350960174,14.1533392767608,27.4629854331431,29.0770272917953,22.4021474376735,14.2025372213781,8.42704502562001,6.25162836523018,..
"Incidence of malaria (per 1,000 population at risk)",SH.MLR.INCD.P3,Albania,ALB,..,..,..,..,..,..,..,..,..,..,..,..
"Incidence of malaria (per 1,000 population at risk)",SH.MLR.INCD.P3,Algeria,DZA,..,0.0188084201978093,0.00358397889753225,0,0,0,0,0,0,0,0,..
"Incidence of malaria (per 1,000 population at risk)",SH.MLR.INCD.P3,American Samoa,ASM,..,..,..,..,..,..,..,..,..,..,..,..
"Incidence of malaria (per 1,000 population at risk)",SH.MLR.INCD.P3,Andorra,AND,..,..,..,..,..,..,..,..,..,..,..,..
"Incidence of malaria (per 1,000 population at risk)",SH.MLR.INCD.P3,Angola,AGO,..,325.703607159462,160.698354452946,166.779669623079,176.683541107961,189.452176827223,208.948763026604,214.247213069016,227.253732950003,251.582321424507,254.873117098939,..
"Incidence of malaria (per 1,000 population at risk)",SH.MLR.INCD.P3,Antigua and Barbuda,ATG,..,..,..,..,..,..,..,..,..,..,..,..
"Incidence of malaria (per 1,000 population at risk)",SH.MLR.INCD.P3,Argentina,ARG,..,2.37384881820095,0,0,0,0,0,0,0,0,..,..
"Incidence of malaria (per 1,000 population at risk)",SH.MLR.INCD.P3,Armenia,ARM,..,0.0445002292866424,..,0,0,0,0,0,0,..,..,..
"Incidence of malaria (per 1,000 population at risk)",SH.MLR.INCD.P3,Aruba,ABW,..,..,..,..,..,..,..,..,..,..,..,..
"Incidence of malaria (per 1,000 population at risk)",SH.MLR.INCD.P3,Australia,AUS,..,..,..,..,..,..,..,..,..,..,..,..
"Incidence of malaria (per 1,000 population at risk)",SH.MLR.INCD.P3,Austria,AUT,..,..,..,..,..,..,..,..,..,..,..,..
"Incidence of malaria (per 1,000 population at risk)",SH.MLR.INCD.P3,Azerbaijan,AZE,..,8.10077663409015,0,0,0,0,0,0,0,..,..,..
"Incidence of malaria (per 1,000 population at risk)",SH.MLR.INCD.P3,"Bahamas, The",BHS,..,..,..,..,..,..,..,..,..,..,..,..
"Incidence of malaria (per 1,000 population at risk)",SH.MLR.INCD.P3,Bahrain,BHR,..,..,..,..,..,..,..,..,..,..,..,..
"Incidence of malaria (per 1,000 population at risk)",SH.MLR.INCD.P3,Bangladesh,BGD,..,6.81074891316382,1.90752068739815,3.95181591886428,2.67967533021174,1.84039528252113,1.91582740367192,0.704337582065953,1.19126018887896,0.419102078379699,0.492782390832556,..
"Incidence of malaria (per 1,000 population at risk)",SH.MLR.INCD.P3,Barbados,BRB,..,..,..,..,..,..,..,..,..,..,..,..
"Incidence of malaria (per 1,000 population at risk)",SH.MLR.INCD.P3,Belarus,BLR,..,..,..,..,..,..,..,..,..,..,..,..
"Incidence of malaria (per 1,000 population at risk)",SH.MLR.INCD.P3,Belgium,BEL,..,..,..,..,..,..,..,..,..,..,..,..
"Incidence of malaria (per 1,000 population at risk)",SH.MLR.INCD.P3,Belize,BLZ,..,8.95828309621413,0.0840922660342928,0.0781536006186475,0.0362450163102573,0.0157825169168853,0.0270753235501164,0.0113798008534851,0,0,0,..
"Incidence of malaria (per 1,000 population at risk)",SH.MLR.INCD.P3,Benin,BEN,..,412.44634377452,364.117694420166,369.022757187953,389.70726849696,419.330227080879,420.503313894315,408.066858487073,401.714779384699,378.154274066621,383.450662639038,..
"Incidence of malaria (per 1,000 population at risk)",SH.MLR.INCD.P3,Bermuda,BMU,..,..,..,..,..,..,..,..,..,..,..,..
"Incidence of malaria (per 1,000 population at risk)",SH.MLR.INCD.P3,Bhutan,BTN,..,13.6583412537138,0.0278098621187036,0.0348685273002217,0.0618157091898142,0.0270356492070444,0.019659392095852,0.0106392222019289,0.00352162896469391,0.0384848177394018,0.0156429513730166,..
"Incidence of malaria (per 1,000 population at risk)",SH.MLR.INCD.P3,Bolivia,BOL,..,11.7096733645783,2.2376170383889,2.21979526760001,1.85143298726874,1.46975590700966,1.19411144037789,1.37474495338135,2.36832619192089,3.04815553903379,2.7244058222359,..
"Incidence of malaria (per 1,000 population at risk)",SH.MLR.INCD.P3,Bosnia and Herzegovina,BIH,..,..,..,..,..,..,..,..,..,..,..,..
"Incidence of malaria (per 1,000 population at risk)",SH.MLR.INCD.P3,Botswana,BWA,..,16.7220399735885,0.493193923850858,1.38530773049759,0.297719923417275,0.631570578172408,1.84190744493588,0.497158872409221,0.156282810339043,1.05199995498198,0.621768783594162,..
"Incidence of malaria (per 1,000 population at risk)",SH.MLR.INCD.P3,Brazil,BRA,..,21.3083917183528,4.82738294568896,3.54941423612453,3.95141252752549,3.14394274500717,5.2192590619221,5.12877211317562,4.15543161082998,3.86130878850313,3.72380182017546,..
"Incidence of malaria (per 1,000 population at risk)",SH.MLR.INCD.P3,British Virgin Islands,VGB,..,..,..,..,..,..,..,..,..,..,..,..
"Incidence of malaria (per 1,000 population at risk)",SH.MLR.INCD.P3,Brunei Darussalam,BRN,..,..,..,..,..,..,..,..,..,..,..,..
"Incidence of malaria (per 1,000 population at risk)",SH.MLR.INCD.P3,Bulgaria,BGR,..,..,..,..,..,..,..,..,..,..,..,..
"Incidence of malaria (per 1,000 population at risk)",SH.MLR.INCD.P3,Burkina Faso,BFA,..,599.3173545017,488.774131331051,447.606368839091,419.282114240716,374.321120004267,357.614175298089,357.025623452757,356.663249273088,377.402134851017,376.771822989732,..
"Incidence of malaria (per 1,000 population at risk)",SH.MLR.INCD.P3,Burundi,BDI,..,448.439587491968,175.226809944887,182.626859317462,199.915205793749,231.692858519239,250.531728792902,288.499593508385,298.872119350176,303.437816662489,291.444739245522,..
"Incidence of malaria (per 1,000 population at risk)",SH.MLR.INCD.P3,Cabo Verde,CPV,..,1.20861135591086,0.156713015728288,0.183125673515097,0.0487590813789068,0.33750740449918,2.87974511192201,0.0134669252316311,0,0,0,..
"Incidence of malaria (per 1,000 population at risk)",SH.MLR.INCD.P3,Cambodia,KHM,..,78.0727867549449,15.9136470227784,22.3529244430826,20.0710475663934,11.2345761804396,18.1054484987634,24.0249440389775,12.2206901004235,3.7376802339144,1.62501403262354,..
"Incidence of malaria (per 1,000 population at risk)",SH.MLR.INCD.P3,Cameroon,CMR,..,406.436921109858,262.003249687397,261.23711545471,260.553914573752,258.387508577015,252.173517351981,247.997068838432,242.260749024332,249.184555953308,245.084310870387,..
"Incidence of malaria (per 1,000 population at risk)",SH.MLR.INCD.P3,Canada,CAN,..,..,..,..,..,..,..,..,..,..,..,..
"Incidence of malaria (per 1,000 population at risk)",SH.MLR.INCD.P3,Cayman Islands,CYM,..,..,..,..,..,..,..,..,..,..,..,..
"Incidence of malaria (per 1,000 population at risk)",SH.MLR.INCD.P3,Central African Republic,CAF,..,441.964267319631,371.190291246857,362.654790777504,346.442857394032,334.120298839738,328.699399459054,324.667220272696,322.872751481029,335.994470951376,334.707661137384,..
"Incidence of malaria (per 1,000 population at risk)",SH.MLR.INCD.P3,Chad,TCD,..,270.008463474869,192.50097984331,190.798992011855,191.757011789011,194.865701515398,198.494611772614,208.387057003926,205.511555346331,208.56210903152,206.362195817226,..
"Incidence of malaria (per 1,000 population at risk)",SH.MLR.INCD.P3,Channel Islands,CHI,..,..,..,..,..,..,..,..,..,..,..,..
"Incidence of malaria (per 1,000 population at risk)",SH.MLR.INCD.P3,Chile,CHL,..,..,..,..,..,..,..,..,..,..,..,..
"Incidence of malaria (per 1,000 population at risk)",SH.MLR.INCD.P3,China,CHN,..,0.0151795581994977,0.000144219235451123,9.1487516889955E-05,6.69091777805985E-05,1.70561642175678E-06,0,0,0,0,..,..
"Incidence of malaria (per 1,000 population at risk)",SH.MLR.INCD.P3,Colombia,COL,..,24.2713582077896,7.06737598975599,5.51807958753749,8.1328924266064,10.958932691952,7.56340092311923,8.60054415328542,10.7786074868216,9.40052621874661,8.97989882028901,..
"Incidence of malaria (per 1,000 population at risk)",SH.MLR.INCD.P3,Comoros,COM,..,66.3315684163068,76.0030483576473,3.08279178071457,1.78029514554598,1.53169523687004,4.24071506596084,19.5616974081331,22.2494456286205,5.63903712138691,12.8245854252244,..
"Incidence of malaria (per 1,000 population at risk)",SH.MLR.INCD.P3,"Congo, Dem. Rep.",COD,..,469.523731159233,326.492089189163,307.504659778931,295.763539264582,297.480538689442,308.210408471007,320.878874192655,320.674687630789,324.207426413611,318.252525395375,..
"Incidence of malaria (per 1,000 population at risk)",SH.MLR.INCD.P3,"Congo, Rep.",COG,..,353.415570367865,219.195015146852,213.122674226839,210.902960398358,217.142899007177,233.140009863826,242.959738374604,237.739988615502,228.694354118271,219.343651930856,..
"Incidence of malaria (per 1,000 population at risk)",SH.MLR.INCD.P3,Costa Rica,CRI,..,1.34916138741754,0,0,0,0.00231104198527751,0.00686560127791725,0.0396767816008561,0.0533832026100453,0.0501927961068237,0.104773921161228,..
"Incidence of malaria (per 1,000 population at risk)",SH.MLR.INCD.P3,Cote d'Ivoire,CIV,..,496.975059629147,290.766081031211,258.993694259882,239.805583313627,242.342843214452,250.687378823323,264.02044278047,274.750538788488,275.941367584932,270.874111042305,..
"Incidence of malaria (per 1,000 population at risk)",SH.MLR.INCD.P3,Croatia,HRV,..,..,..,..,..,..,..,..,..,..,..,..
"Incidence of malaria (per 1,000 population at risk)",SH.MLR.INCD.P3,Cuba,CUB,..,..,..,..,..,..,..,..,..,..,..,..
"Incidence of malaria (per 1,000 population at risk)",SH.MLR.INCD.P3,Curacao,CUW,..,..,..,..,..,..,..,..,..,..,..,..
"Incidence of malaria (per 1,000 population at risk)",SH.MLR.INCD.P3,Cyprus,CYP,..,..,..,..,..,..,..,..,..,..,..,..
"Incidence of malaria (per 1,000 population at risk)",SH.MLR.INCD.P3,Czechia,CZE,..,..,..,..,..,..,..,..,..,..,..,..
"Incidence of malaria (per 1,000 population at risk)",SH.MLR.INCD.P3,Denmark,DNK,..,..,..,..,..,..,..,..,..,..,..,..
"Incidence of malaria (per 1,000 population at risk)",SH.MLR.INCD.P3,Djibouti,DJI,..,3.11070777137825,2.31085056865586,12.725569104869,12.5534545522009,18.0123357524405,18.8067802346137,31.3377807881556,61.3377799354117,88.4763720919992,70.4939704105042,..
"Incidence of malaria (per 1,000 population at risk)",SH.MLR.INCD.P3,Dominica,DMA,..,..,..,..,..,..,..,..,..,..,..,..
"Incidence of malaria (per 1,000 population at risk)",SH.MLR.INCD.P3,Dominican Republic,DOM,..,0.323949428178244,0.10956786647949,0.0999365420614543,0.135735396232209,0.146754298469617,0.071614745407875,0.0900525795763785,0.265600793332219,0.168184175371037,0.0617249074371328,..
"Incidence of malaria (per 1,000 population at risk)",SH.MLR.INCD.P3,Ecuador,ECU,..,284.092885719255,0.803200579701288,0.52041332000043,1.30946629713443,2.48617573567631,2.62050198541562,3.33376358312023,3.56749954491132,3.77343029007026,4.19377354779745,..
"Incidence of malaria (per 1,000 population at risk)",SH.MLR.INCD.P3,"Egypt, Arab Rep.",EGY,..,0,0,0,0,0,0,0,0,0,0,..
"Incidence of malaria (per 1,000 population at risk)",SH.MLR.INCD.P3,El Salvador,SLV,..,0.622534766458521,0.00477826843515691,0.00475989125235119,0.0039528629004843,0.00945736030887739,0,0,0,0,..,..
"Incidence of malaria (per 1,000 population at risk)",SH.MLR.INCD.P3,Equatorial Guinea,GNQ,..,311.16519240792,307.473585965894,306.633116710148,301.477460943909,283.98622658652,262.169692574726,240.036056404039,223.7566410458,220.86665259024,213.175434667959,..
"Incidence of malaria (per 1,000 population at risk)",SH.MLR.INCD.P3,Eritrea,ERI,..,17.8492026344823,14.9585892590236,33.0048067881779,19.16763023779,25.7217289342633,34.1272553800737,28.9419958471852,57.271341350136,44.6259534943367,25.6602193402116,..
"Incidence of malaria (per 1,000 population at risk)",SH.MLR.INCD.P3,Estonia,EST,..,..,..,..,..,..,..,..,..,..,..,..
"Incidence of malaria (per 1,000 population at risk)",SH.MLR.INCD.P3,Eswatini,SWZ,..,2.7275436857537,2.32492040021844,1.2339726305505,1.00156849405673,0.781479559620639,1.36481083411655,2.11129543055346,0.717576971580899,0.704815432130509,0.916620486168317,..
"Incidence of malaria (per 1,000 population at risk)",SH.MLR.INCD.P3,Ethiopia,ETH,..,329.440408831006,231.47756416228,211.41248245078,179.79487890862,124.615616525374,89.714227083809,36.96423483061,34.0866592591258,53.0524726997752,46.2621638357454,..
"Incidence of malaria (per 1,000 population at risk)",SH.MLR.INCD.P3,Faroe Islands,FRO,..,..,..,..,..,..,..,..,..,..,..,..
"Incidence of malaria (per 1,000 population at risk)",SH.MLR.INCD.P3,Fiji,FJI,..,..,..,..,..,..,..,..,..,..,..,..
"Incidence of malaria (per 1,000 population at risk)",SH.MLR.INCD.P3,Finland,FIN,..,..,..,..,..,..,..,..,..,..,..,..
"Incidence of malaria (per 1,000 population at risk)",SH.MLR.INCD.P3,France,FRA,..,..,..,..,..,..,..,..,..,..,..,..
"Incidence of malaria (per 1,000 population at risk)",SH.MLR.INCD.P3,French Polynesia,PYF,..,..,..,..,..,..,..,..,..,..,..,..
"Incidence of malaria (per 1,000 population at risk)",SH.MLR.INCD.P3,Gabon,GAB,..,330.432425850495,249.884608874024,240.592214474377,233.621409137809,228.331238621689,228.144835916018,227.907967657111,228.369638641243,230.208154767591,228.918421017786,..
"Incidence of malaria (per 1,000 population at risk)",SH.MLR.INCD.P3,"Gambia, The",GMB,..,312.459696745619,202.096693960898,138.74753942291,199.93449121734,128.196629906879,62.1779435591232,80.2317952845824,43.8342481494753,81.9337255899875,80.8021921909637,..
"Incidence of malaria (per 1,000 population at risk)",SH.MLR.INCD.P3,Georgia,GEO,..,5.744296733957,0,0,0,0,0,0,0,..,..,..
"Incidence of malaria (per 1,000 population at risk)",SH.MLR.INCD.P3,Germany,DEU,..,..,..,..,..,..,..,..,..,..,..,..
"Incidence of malaria (per 1,000 population at risk)",SH.MLR.INCD.P3,Ghana,GHA,..,431.104072502192,346.590061119839,314.491751026852,277.094753409484,235.272128215234,198.252036859451,172.154675121734,166.318309995879,165.119389442021,164.366544034069,..
"Incidence of malaria (per 1,000 population at risk)",SH.MLR.INCD.P3,Gibraltar,GIB,..,..,..,..,..,..,..,..,..,..,..,..
"Incidence of malaria (per 1,000 population at risk)",SH.MLR.INCD.P3,Greece,GRC,..,..,..,..,..,..,..,..,..,..,..,..
"Incidence of malaria (per 1,000 population at risk)",SH.MLR.INCD.P3,Greenland,GRL,..,..,..,..,..,..,..,..,..,..,..,..
"Incidence of malaria (per 1,000 population at risk)",SH.MLR.INCD.P3,Grenada,GRD,..,..,..,..,..,..,..,..,..,..,..,..
"Incidence of malaria (per 1,000 population at risk)",SH.MLR.INCD.P3,Guam,GUM,..,..,..,..,..,..,..,..,..,..,..,..
"Incidence of malaria (per 1,000 population at risk)",SH.MLR.INCD.P3,Guatemala,GTM,..,7.18718244411383,0.62544689348636,0.485896196926546,0.536609171447127,0.476240656917759,0.386077896808697,0.278368816906586,0.188014232088857,0.0946788863718326,0.112314785921849,..
"Incidence of malaria (per 1,000 population at risk)",SH.MLR.INCD.P3,Guinea,GIN,..,433.737832955318,413.257648051681,393.577017946568,378.693510871067,360.230777257703,357.593289125399,359.091743247876,343.691756631449,334.458449667338,330.898470621951,..
"Incidence of malaria (per 1,000 population at risk)",SH.MLR.INCD.P3,Guinea-Bissau,GNB,..,403.486536528851,123.041455382497,107.017172515027,90.2226428362603,75.851761083905,65.0544252499965,65.2758116423501,74.594878243981,94.1087235617324,105.080697484036,..
"Incidence of malaria (per 1,000 population at risk)",SH.MLR.INCD.P3,Guyana,GUY,..,44.3026884886523,76.8764550052179,29.7025089367141,23.8798142063041,25.4476759580918,32.9733823167185,39.1705303788347,32.9350875677462,27.7959663924576,32.0569946318952,..
"Incidence of malaria (per 1,000 population at risk)",SH.MLR.INCD.P3,Haiti,HTI,..,9.66503471861481,6.82307604875711,3.5600535314067,3.41019706669015,3.79013047058462,3.41263170345362,1.62622829785632,1.77545628012875,4.04643881508519,2.20445159206753,..
"Incidence of malaria (per 1,000 population at risk)",SH.MLR.INCD.P3,Honduras,HND,..,8.54077866069087,0.890894335447159,0.550677176904408,0.569191308857315,0.644021475939922,0.196789148798629,0.10518171578773,0.0492200888466946,0.119760583541624,0.245968796978429,..
"Incidence of malaria (per 1,000 population at risk)",SH.MLR.INCD.P3,"Hong Kong SAR, China",HKG,..,..,..,..,..,..,..,..,..,..,..,..
"Incidence of malaria (per 1,000 population at risk)",SH.MLR.INCD.P3,Hungary,HUN,..,..,..,..,..,..,..,..,..,..,..,..
"Incidence of malaria (per 1,000 population at risk)",SH.MLR.INCD.P3,Iceland,ISL,..,..,..,..,..,..,..,..,..,..,..,..
"Incidence of malaria (per 1,000 population at risk)",SH.MLR.INCD.P3,India,IND,..,19.8887915490025,9.07122402583277,9.11871567921664,9.59236499654292,9.92256492962942,7.37601592522639,5.27173207127437,4.29432239581266,3.16832651728859,3.24280500200014,..
"Incidence of malaria (per 1,000 population at risk)",SH.MLR.INCD.P3,Indonesia,IDN,..,5.33166309479125,6.03903442538083,4.53919560319613,4.01167974454538,4.15256165418808,2.81376272761687,2.48064110151178,2.87236340824017,2.82977894811432,2.96484588102544,..
"Incidence of malaria (per 1,000 population at risk)",SH.MLR.INCD.P3,"Iran, Islamic Rep.",IRN,..,29.4616920299817,0.599202311922253,0.43850623707754,0.199979882263341,0.095231824829876,0.0660642840254243,0,0,0,0,..
"Incidence of malaria (per 1,000 population at risk)",SH.MLR.INCD.P3,Iraq,IRQ,..,0.580932121204928,0,0,0,0.000993891147451305,0,0,0,0,0,..
"Incidence of malaria (per 1,000 population at risk)",SH.MLR.INCD.P3,Ireland,IRL,..,..,..,..,..,..,..,..,..,..,..,..
"Incidence of malaria (per 1,000 population at risk)",SH.MLR.INCD.P3,Isle of Man,IMN,..,..,..,..,..,..,..,..,..,..,..,..
"Incidence of malaria (per 1,000 population at risk)",SH.MLR.INCD.P3,Israel,ISR,..,..,..,..,..,..,..,..,..,..,..,..
"Incidence of malaria (per 1,000 population at risk)",SH.MLR.INCD.P3,Italy,ITA,..,..,..,..,..,..,..,..,..,..,..,..
"Incidence of malaria (per 1,000 population at risk)",SH.MLR.INCD.P3,Jamaica,JAM,..,..,..,..,..,..,..,..,..,..,..,..
"Incidence of malaria (per 1,000 population at risk)",SH.MLR.INCD.P3,Japan,JPN,..,..,..,..,..,..,..,..,..,..,..,..
"Incidence of malaria (per 1,000 population at risk)",SH.MLR.INCD.P3,Jordan,JOR,..,..,..,..,..,..,..,..,..,..,..,..
"Incidence of malaria (per 1,000 population at risk)",SH.MLR.INCD.P3,Kazakhstan,KAZ,..,..,0,0,0,0,0,0,0,..,..,..
"Incidence of malaria (per 1,000 population at risk)",SH.MLR.INCD.P3,Kenya,KEN,..,221.62729551259,72.1662895786175,72.2695677400334,70.8457754852951,66.6367649412026,64.4689718113066,61.4186000589671,59.6163822468794,63.5210051671823,64.5157675367833,..
"Incidence of malaria (per 1,000 population at risk)",SH.MLR.INCD.P3,Kiribati,KIR,..,..,..,..,..,..,..,..,..,..,..,..
"Incidence of malaria (per 1,000 population at risk)",SH.MLR.INCD.P3,"Korea, Dem. People's Rep.",PRK,..,9.92748101265961,1.4757172957099,1.07376714001434,0.711971813135282,0.507659014124782,0.461981056669007,0.369386877715962,0.185841003624944,0.18008602944263,0.232411149818913,..
"Incidence of malaria (per 1,000 population at risk)",SH.MLR.INCD.P3,"Korea, Rep.",KOR,..,1.27717352309064,0.109214043842452,0.157386291230193,0.175649539109056,0.167608746615111,0.120915832042363,0.138497914099779,0.133746356790606,0.0980951898086813,0.075521435546727,..
"Incidence of malaria (per 1,000 population at risk)",SH.MLR.INCD.P3,Kosovo,XKX,..,..,..,..,..,..,..,..,..,..,..,..
"Incidence of malaria (per 1,000 population at risk)",SH.MLR.INCD.P3,Kuwait,KWT,..,..,..,..,..,..,..,..,..,..,..,..
"Incidence of malaria (per 1,000 population at risk)",SH.MLR.INCD.P3,Kyrgyz Republic,KGZ,..,0.00181844584707234,0,0,0,0,0,0,0,..,..,..
"Incidence of malaria (per 1,000 population at risk)",SH.MLR.INCD.P3,Lao PDR,LAO,..,31.7616750828942,19.9643047431601,25.208001192476,17.6934195791623,7.4911088051344,4.01203307833255,4.23422336596684,2.80889669596898,1.4897956611605,1.65728238818456,..
"Incidence of malaria (per 1,000 population at risk)",SH.MLR.INCD.P3,Latvia,LVA,..,..,..,..,..,..,..,..,..,..,..,..
"Incidence of malaria (per 1,000 population at risk)",SH.MLR.INCD.P3,Lebanon,LBN,..,..,..,..,..,..,..,..,..,..,..,..
"Incidence of malaria (per 1,000 population at risk)",SH.MLR.INCD.P3,Lesotho,LSO,..,..,..,..,..,..,..,..,..,..,..,..
"Incidence of malaria (per 1,000 population at risk)",SH.MLR.INCD.P3,Liberia,LBR,..,431.193924891476,312.140569234658,333.30766619802,345.11133095666,376.951643793147,404.325452593706,402.138016779595,392.0206030182,376.225925704617,356.687967996402,..
"Incidence of malaria (per 1,000 population at risk)",SH.MLR.INCD.P3,Libya,LBY,..,..,..,..,..,..,..,..,..,..,..,..
"Incidence of malaria (per 1,000 population at risk)",SH.MLR.INCD.P3,Liechtenstein,LIE,..,..,..,..,..,..,..,..,..,..,..,..
"Incidence of malaria (per 1,000 population at risk)",SH.MLR.INCD.P3,Lithuania,LTU,..,..,..,..,..,..,..,..,..,..,..,..
"Incidence of malaria (per 1,000 population at risk)",SH.MLR.INCD.P3,Luxembourg,LUX,..,..,..,..,..,..,..,..,..,..,..,..
"Incidence of malaria (per 1,000 population at risk)",SH.MLR.INCD.P3,"Macao SAR, China",MAC,..,..,..,..,..,..,..,..,..,..,..,..
"Incidence of malaria (per 1,000 population at risk)",SH.MLR.INCD.P3,Madagascar,MDG,..,55.8684583556024,63.4766588808106,44.5276291981789,94.4008815451119,55.2311314354908,75.3296332048914,71.5698559292929,73.8368904898367,142.090770310874,169.848945477695,..
"Incidence of malaria (per 1,000 population at risk)",SH.MLR.INCD.P3,Malawi,MWI,..,451.33558937812,292.401359769482,264.187036191239,242.436806265704,226.907061763485,218.759479246546,210.122134917664,204.964177242617,219.467297928582,219.166141018823,..
"Incidence of malaria (per 1,000 population at risk)",SH.MLR.INCD.P3,Malaysia,MYS,..,13.8427946646677,0.852834596546186,0.486825489398476,0.194728960622103,0.210934328055217,0.0664565077339738,0,0,0,0,..
"Incidence of malaria (per 1,000 population at risk)",SH.MLR.INCD.P3,Maldives,MDV,..,..,..,..,..,..,..,..,..,..,..,..
"Incidence of malaria (per 1,000 population at risk)",SH.MLR.INCD.P3,Mali,MLI,..,406.229399710299,452.815933807072,441.007385462791,391.82930999958,384.221812893283,386.777553610064,386.777532262051,333.695436227009,357.450233199884,353.560449168773,..
"Incidence of malaria (per 1,000 population at risk)",SH.MLR.INCD.P3,Malta,MLT,..,..,..,..,..,..,..,..,..,..,..,..
"Incidence of malaria (per 1,000 population at risk)",SH.MLR.INCD.P3,Marshall Islands,MHL,..,..,..,..,..,..,..,..,..,..,..,..
"Incidence of malaria (per 1,000 population at risk)",SH.MLR.INCD.P3,Mauritania,MRT,..,113.082248888035,27.049989059458,56.3823027528808,73.9135172392821,95.3416800554803,73.6716093571778,55.3736707134548,41.9852508606022,44.8519140604508,18.424805860228,..
"Incidence of malaria (per 1,000 population at risk)",SH.MLR.INCD.P3,Mauritius,MUS,..,..,..,..,..,..,..,..,..,..,..,..
"Incidence of malaria (per 1,000 population at risk)",SH.MLR.INCD.P3,Mexico,MEX,..,3.56158996315995,0.19907004128592,0.26056313412964,0.202969797544497,0.213880328715821,0.282621250660474,0.305428526111476,0.233048546501104,0.133275231322375,0.0900918341059391,..
"Incidence of malaria (per 1,000 population at risk)",SH.MLR.INCD.P3,"Micronesia, Fed. Sts.",FSM,..,..,..,..,..,..,..,..,..,..,..,..
"Incidence of malaria (per 1,000 population at risk)",SH.MLR.INCD.P3,Moldova,MDA,..,..,..,..,..,..,..,..,..,..,..,..
"Incidence of malaria (per 1,000 population at risk)",SH.MLR.INCD.P3,Monaco,MCO,..,..,..,..,..,..,..,..,..,..,..,..
"Incidence of malaria (per 1,000 population at risk)",SH.MLR.INCD.P3,Mongolia,MNG,..,..,..,..,..,..,..,..,..,..,..,..
"Incidence of malaria (per 1,000 population at risk)",SH.MLR.INCD.P3,Montenegro,MNE,..,..,..,..,..,..,..,..,..,..,..,..
"Incidence of malaria (per 1,000 population at risk)",SH.MLR.INCD.P3,Morocco,MAR,..,0.000105062558449803,0,0,0,0,0,0,0,0,0,..
"Incidence of malaria (per 1,000 population at risk)",SH.MLR.INCD.P3,Mozambique,MOZ,..,473.696434995315,367.974323503829,357.77306735389,350.309869380179,343.058030598243,329.826730940473,319.688043839769,311.086200846105,320.43098006815,320.600396445162,..
"Incidence of malaria (per 1,000 population at risk)",SH.MLR.INCD.P3,Myanmar,MMR,..,50.0102864928461,20.2965837378134,12.6229994435031,8.86528572215534,5.24625204227502,3.88018061388439,3.46716759992955,2.48114630061454,2.58343549368136,9.14619549691887,..
"Incidence of malaria (per 1,000 population at risk)",SH.MLR.INCD.P3,Namibia,NAM,..,53.6087643348802,4.48272374043407,14.4800385535239,8.30732006693541,17.3802706923477,47.5025148546925,26.2983972834887,2.93765830785732,10.2534720236309,10.6169026946577,..
"Incidence of malaria (per 1,000 population at risk)",SH.MLR.INCD.P3,Nauru,NRU,..,..,..,..,..,..,..,..,..,..,..,..
"Incidence of malaria (per 1,000 population at risk)",SH.MLR.INCD.P3,Nepal,NPL,..,6.7309746447358,1.27876111650289,0.616179735815447,0.545246473864852,0.414588110483466,0.328807282751283,0.330637317931951,0.0554394195301605,0.0286407868985772,0.012157976619064,..
"Incidence of malaria (per 1,000 population at risk)",SH.MLR.INCD.P3,Netherlands,NLD,..,..,..,..,..,..,..,..,..,..,..,..
"Incidence of malaria (per 1,000 population at risk)",SH.MLR.INCD.P3,New Caledonia,NCL,..,..,..,..,..,..,..,..,..,..,..,..
"Incidence of malaria (per 1,000 population at risk)",SH.MLR.INCD.P3,New Zealand,NZL,..,..,..,..,..,..,..,..,..,..,..,..
"Incidence of malaria (per 1,000 population at risk)",SH.MLR.INCD.P3,Nicaragua,NIC,..,13.3940828677548,0.550707796165486,0.533562206674546,1.04970723861526,2.84807528126671,4.90180828860218,7.02668278037451,5.74703950286063,11.0103670868391,9.85098285767793,..
"Incidence of malaria (per 1,000 population at risk)",SH.MLR.INCD.P3,Niger,NER,..,355.745089443772,413.746113267429,406.812580251078,401.109661287858,384.937699266371,362.654075214733,343.726804440153,325.529300538079,322.408936764085,323.38569283739,..
"Incidence of malaria (per 1,000 population at risk)",SH.MLR.INCD.P3,Nigeria,NGA,..,413.334960874543,308.604795500304,298.158957373652,294.110655530644,295.056131936383,299.073684784563,300.68534116565,301.908143733329,312.650935492847,306.462483682388,..
"Incidence of malaria (per 1,000 population at risk)",SH.MLR.INCD.P3,North Macedonia,MKD,..,..,..,..,..,..,..,..,..,..,..,..
"Incidence of malaria (per 1,000 population at risk)",SH.MLR.INCD.P3,Northern Mariana Islands,MNP,..,..,..,..,..,..,..,..,..,..,..,..
"Incidence of malaria (per 1,000 population at risk)",SH.MLR.INCD.P3,Norway,NOR,..,..,..,..,..,..,..,..,..,..,..,..
"Incidence of malaria (per 1,000 population at risk)",SH.MLR.INCD.P3,Oman,OMN,..,0.00255945070775211,0,0,0,0,0,0,0,0,0,..
"Incidence of malaria (per 1,000 population at risk)",SH.MLR.INCD.P3,Pakistan,PAK,..,6.08788283111522,6.84110068461287,4.85800468930796,4.82309520575931,4.84586874965513,3.85447887776422,3.26603242260572,2.91715828058597,2.43007028721959,2.22256674942206,..
"Incidence of malaria (per 1,000 population at risk)",SH.MLR.INCD.P3,Palau,PLW,..,..,..,..,..,..,..,..,..,..,..,..
"Incidence of malaria (per 1,000 population at risk)",SH.MLR.INCD.P3,Panama,PAN,..,0.375693362589894,0.200157583524542,0.267135549362264,0.150200511151931,0.207691624405229,0.202137254476419,0.195801460793053,0.451561758946613,0.493196939146141,1.08919109091574,..
"Incidence of malaria (per 1,000 population at risk)",SH.MLR.INCD.P3,Papua New Guinea,PNG,..,265.462991556192,172.239175989891,190.671057104001,101.901551385632,135.851560971592,134.969888519721,139.537069898717,117.883956025715,150.787105985452,124.339899835538,..
"Incidence of malaria (per 1,000 population at risk)",SH.MLR.INCD.P3,Paraguay,PRY,..,37.1522902356647,0,0,0,0,0,0,0,0,0,..
"Incidence of malaria (per 1,000 population at risk)",SH.MLR.INCD.P3,Peru,PER,..,9.87076165484917,5.31181360432519,7.04053693824214,7.20387856769027,5.95663456199076,5.86077753261201,4.62152548527599,3.54700312403722,2.27394783565958,1.75576540497239,..
"Incidence of malaria (per 1,000 population at risk)",SH.MLR.INCD.P3,Philippines,PHL,..,1.76646542514015,0.302556977793271,0.243322994740158,0.466353522576865,0.284179067620761,0.26757086022015,0.172877946599525,0.211161662926176,0.23169796714963,0.160414641228323,..
"Incidence of malaria (per 1,000 population at risk)",SH.MLR.INCD.P3,Poland,POL,..,..,..,..,..,..,..,..,..,..,..,..
"Incidence of malaria (per 1,000 population at risk)",SH.MLR.INCD.P3,Portugal,PRT,..,..,..,..,..,..,..,..,..,..,..,..
"Incidence of malaria (per 1,000 population at risk)",SH.MLR.INCD.P3,Puerto Rico,PRI,..,..,..,..,..,..,..,..,..,..,..,..
"Incidence of malaria (per 1,000 population at risk)",SH.MLR.INCD.P3,Qatar,QAT,..,..,..,..,..,..,..,..,..,..,..,..
"Incidence of malaria (per 1,000 population at risk)",SH.MLR.INCD.P3,Romania,ROU,..,..,..,..,..,..,..,..,..,..,..,..
"Incidence of malaria (per 1,000 population at risk)",SH.MLR.INCD.P3,Russian Federation,RUS,..,..,..,..,..,..,..,..,..,..,..,..
"Incidence of malaria (per 1,000 population at risk)",SH.MLR.INCD.P3,Rwanda,RWA,..,189.410244576164,109.412188607692,202.236962625779,307.959772081994,409.678767710631,709.793326252036,493.474764375579,411.334124086056,227.138656306589,126.31905717831,..
"Incidence of malaria (per 1,000 population at risk)",SH.MLR.INCD.P3,Samoa,WSM,..,..,..,..,..,..,..,..,..,..,..,..
"Incidence of malaria (per 1,000 population at risk)",SH.MLR.INCD.P3,San Marino,SMR,..,..,..,..,..,..,..,..,..,..,..,..
"Incidence of malaria (per 1,000 population at risk)",SH.MLR.INCD.P3,Sao Tome and Principe,STP,..,222.490501969189,47.7040829492612,8.88114756173512,10.2225492730853,10.9367058915517,10.7625603260974,13.8967749261867,12.7307210192033,8.84097676099176,12.1869775488891,..
"Incidence of malaria (per 1,000 population at risk)",SH.MLR.INCD.P3,Saudi Arabia,SAU,..,3.8281481275501,0.0134810325836558,0.0116569227744409,0.0316360406923338,0.101607148660597,0.0646171706440908,0.0217445394470898,0.0132398230184079,0.0287821875017339,0,..
"Incidence of malaria (per 1,000 population at risk)",SH.MLR.INCD.P3,Senegal,SEN,..,275.808722474923,58.3583647786344,38.1367397196969,70.4176828085408,46.3773635454259,53.1535824509544,67.265818374926,42.0117618008771,50.8304271324376,59.0021639275878,..
"Incidence of malaria (per 1,000 population at risk)",SH.MLR.INCD.P3,Serbia,SRB,..,..,..,..,..,..,..,..,..,..,..,..
"Incidence of malaria (per 1,000 population at risk)",SH.MLR.INCD.P3,Seychelles,SYC,..,..,..,..,..,..,..,..,..,..,..,..
"Incidence of malaria (per 1,000 population at risk)",SH.MLR.INCD.P3,Sierra Leone,SLE,..,454.087603867919,419.417535947246,401.645191611789,390.650947062882,388.95514266045,375.637978968592,369.071147564882,355.119433396613,339.547873018726,329.831660083834,..
"Incidence of malaria (per 1,000 population at risk)",SH.MLR.INCD.P3,Singapore,SGP,..,..,..,..,..,..,..,..,..,..,..,..
"Incidence of malaria (per 1,000 population at risk)",SH.MLR.INCD.P3,Sint Maarten (Dutch part),SXM,..,..,..,..,..,..,..,..,..,..,..,..
"Incidence of malaria (per 1,000 population at risk)",SH.MLR.INCD.P3,Slovak Republic,SVK,..,..,..,..,..,..,..,..,..,..,..,..
"Incidence of malaria (per 1,000 population at risk)",SH.MLR.INCD.P3,Slovenia,SVN,..,..,..,..,..,..,..,..,..,..,..,..
"Incidence of malaria (per 1,000 population at risk)",SH.MLR.INCD.P3,Solomon Islands,SLB,..,598.062385183167,93.122605330757,58.8483955894562,65.6369892487301,135.375188961436,162.566678750842,132.811159324361,208.374797790624,164.798276726306,216.100243731199,..
"Incidence of malaria (per 1,000 population at risk)",SH.MLR.INCD.P3,Somalia,SOM,..,134.990394389016,41.5841761340317,50.2523247955273,58.9777349540167,58.5946242900382,55.1972417525278,59.2881984886991,59.8834262544349,56.0486244918672,66.3260199770532,..
"Incidence of malaria (per 1,000 population at risk)",SH.MLR.INCD.P3,South Africa,ZAF,..,3.88906903727705,1.60468177276407,2.13869838140456,0.88749295320931,0.766186826584609,4.12791395662521,1.66760755170551,0.829961239209084,0.758988822133699,0.498044778569595,..
"Incidence of malaria (per 1,000 population at risk)",SH.MLR.INCD.P3,South Sudan,SSD,..,367.164317298008,285.738331999038,276.305410141013,271.000648863621,266.547857746859,277.783684273911,278.790651247221,281.258898615581,286.886613031279,274.796061186532,..
"Incidence of malaria (per 1,000 population at risk)",SH.MLR.INCD.P3,Spain,ESP,..,..,..,..,..,..,..,..,..,..,..,..
"Incidence of malaria (per 1,000 population at risk)",SH.MLR.INCD.P3,Sri Lanka,LKA,..,48.6362946951128,0,0,0,0,0,0,0,0,0,..
"Incidence of malaria (per 1,000 population at risk)",SH.MLR.INCD.P3,St. Kitts and Nevis,KNA,..,..,..,..,..,..,..,..,..,..,..,..
"Incidence of malaria (per 1,000 population at risk)",SH.MLR.INCD.P3,St. Lucia,LCA,..,..,..,..,..,..,..,..,..,..,..,..
"Incidence of malaria (per 1,000 population at risk)",SH.MLR.INCD.P3,St. Martin (French part),MAF,..,..,..,..,..,..,..,..,..,..,..,..
"Incidence of malaria (per 1,000 population at risk)",SH.MLR.INCD.P3,St. Vincent and the Grenadines,VCT,..,..,..,..,..,..,..,..,..,..,..,..
"Incidence of malaria (per 1,000 population at risk)",SH.MLR.INCD.P3,Sudan,SDN,..,92.771447748579,34.9392920262318,38.5727576987501,42.212430790592,53.2598186001045,53.7765047753924,59.1890296838417,65.5908607328818,73.3983779796907,72.8444750072165,..
"Incidence of malaria (per 1,000 population at risk)",SH.MLR.INCD.P3,Suriname,SUR,..,160.584044778651,6.30297500420198,4.76575313161085,0.952974810875678,0.908244061481136,1.57866838745362,0.342110364803686,1.17296760804836,1.73984809787761,0.242994576802854,..
"Incidence of malaria (per 1,000 population at risk)",SH.MLR.INCD.P3,Sweden,SWE,..,..,..,..,..,..,..,..,..,..,..,..
"Incidence of malaria (per 1,000 population at risk)",SH.MLR.INCD.P3,Switzerland,CHE,..,..,..,..,..,..,..,..,..,..,..,..
"Incidence of malaria (per 1,000 population at risk)",SH.MLR.INCD.P3,Syrian Arab Republic,SYR,..,0.00036792539257946,0,0,0,0,0,0,0,0,0,..
"Incidence of malaria (per 1,000 population at risk)",SH.MLR.INCD.P3,Tajikistan,TJK,..,9.09897521980201,0.00147187233568109,0.000719165767709457,0,0,0,0,0,..,..,..
"Incidence of malaria (per 1,000 population at risk)",SH.MLR.INCD.P3,Tanzania,TZA,..,350.309560458156,130.763725827068,143.015370872501,140.5132506772,131.452598994886,124.466739244394,117.963429578882,117.591274670308,123.244618060395,125.773239293445,..
"Incidence of malaria (per 1,000 population at risk)",SH.MLR.INCD.P3,Thailand,THA,..,6.56451905900622,3.15089445882013,3.10474978961701,1.06941528510432,0.576711039407642,0.326528682716546,0.329994100262639,0.269300351184212,0.220301636292615,0.163317576879413,..
"Incidence of malaria (per 1,000 population at risk)",SH.MLR.INCD.P3,Timor-Leste,TLS,..,155.120717100127,1.29799634400748,0.424465357614307,0.0969950920483423,0.0972465338556861,0.0188150938103473,0,0,0.00327156348837,0,..
"Incidence of malaria (per 1,000 population at risk)",SH.MLR.INCD.P3,Togo,TGO,..,443.66982259509,367.237250586774,368.830781807158,357.204228587134,324.8183023523,277.513038351313,250.338680093987,238.580076849785,242.752689343779,237.522916878981,..
"Incidence of malaria (per 1,000 population at risk)",SH.MLR.INCD.P3,Tonga,TON,..,..,..,..,..,..,..,..,..,..,..,..
"Incidence of malaria (per 1,000 population at risk)",SH.MLR.INCD.P3,Trinidad and Tobago,TTO,..,..,..,..,..,..,..,..,..,..,..,..
"Incidence of malaria (per 1,000 population at risk)",SH.MLR.INCD.P3,Tunisia,TUN,..,..,..,..,..,..,..,..,..,..,..,..
"Incidence of malaria (per 1,000 population at risk)",SH.MLR.INCD.P3,Turkiye,TUR,..,2.74321036238596,0,0,0,0,0,..,0,..,..,..
"Incidence of malaria (per 1,000 population at risk)",SH.MLR.INCD.P3,Turkmenistan,TKM,..,0.0808099854205318,0,0,0,0,0,0,0,..,..,..
"Incidence of malaria (per 1,000 population at risk)",SH.MLR.INCD.P3,Turks and Caicos Islands,TCA,..,..,..,..,..,..,..,..,..,..,..,..
"Incidence of malaria (per 1,000 population at risk)",SH.MLR.INCD.P3,Tuvalu,TUV,..,..,..,..,..,..,..,..,..,..,..,..
"Incidence of malaria (per 1,000 population at risk)",SH.MLR.INCD.P3,Uganda,UGA,..,487.225519287207,332.344413915011,294.282382767661,253.514779685989,283.137132534608,294.903259896108,262.691580498095,262.691558158758,283.817529248595,284.02018447182,..
"Incidence of malaria (per 1,000 population at risk)",SH.MLR.INCD.P3,Ukraine,UKR,..,..,..,..,..,..,..,..,..,..,..,..
"Incidence of malaria (per 1,000 population at risk)",SH.MLR.INCD.P3,United Arab Emirates,ARE,..,..,0,0,0,0,0,0,0,0,0,..
"Incidence of malaria (per 1,000 population at risk)",SH.MLR.INCD.P3,United Kingdom,GBR,..,..,..,..,..,..,..,..,..,..,..,..
"Incidence of malaria (per 1,000 population at risk)",SH.MLR.INCD.P3,United States,USA,..,..,..,..,..,..,..,..,..,..,..,..
"Incidence of malaria (per 1,000 population at risk)",SH.MLR.INCD.P3,Uruguay,URY,..,..,..,..,..,..,..,..,..,..,..,..
"Incidence of malaria (per 1,000 population at risk)",SH.MLR.INCD.P3,Uzbekistan,UZB,..,5.05516549648947,0,0,0,0,0,0,0,0,..,..
"Incidence of malaria (per 1,000 population at risk)",SH.MLR.INCD.P3,Vanuatu,VUT,..,120.61497131314,20.2099159880698,8.99131987537371,2.91928027261086,14.7342329936657,7.80735876295053,3.92535435825334,3.43950802223361,2.91961435423585,1.80486750204458,..
"Incidence of malaria (per 1,000 population at risk)",SH.MLR.INCD.P3,"Venezuela, RB",VEN,..,2.90792496133902,6.17728656258023,7.02666800648012,10.4593832448359,18.3398552521767,31.5813354992332,31.8659924014402,32.2674374054335,15.6788667305103,14.5165927727038,..
"Incidence of malaria (per 1,000 population at risk)",SH.MLR.INCD.P3,Vietnam,VNM,..,3.45935609541347,0.312056904749049,0.283464071345378,0.166063113667633,0.0732006972832663,0.0791471193002638,0.0539950821159124,0.0546280955100281,0.0232629906078027,0.00630630544093416,..
"Incidence of malaria (per 1,000 population at risk)",SH.MLR.INCD.P3,Virgin Islands (U.S.),VIR,..,..,..,..,..,..,..,..,..,..,..,..
"Incidence of malaria (per 1,000 population at risk)",SH.MLR.INCD.P3,West Bank and Gaza,PSE,..,..,..,..,..,..,..,..,..,..,..,..
"Incidence of malaria (per 1,000 population at risk)",SH.MLR.INCD.P3,"Yemen, Rep.",YEM,..,88.3800106491972,40.2613650243934,32.8222427515396,27.9472832094274,35.0359397450419,38.5861327623701,43.8778741377499,40.8841079626052,38.4455877894723,46.0859008041884,..
"Incidence of malaria (per 1,000 population at risk)",SH.MLR.INCD.P3,Zambia,ZMB,..,397.111466250484,227.613465428149,232.318577269188,219.322743912384,205.968741675426,185.247218281094,178.839681198065,174.39869382702,186.898619644216,187.72123560253,..
"Incidence of malaria (per 1,000 population at risk)",SH.MLR.INCD.P3,Zimbabwe,ZWE,..,105.924352150239,80.9162157617105,100.185107888863,95.7404459491625,66.8362030355744,115.181937106853,53.5514207302833,64.7393783881603,93.437665079954,27.1994830444224,..
"Incidence of malaria (per 1,000 population at risk)",SH.MLR.INCD.P3,Africa Eastern and Southern,AFE,..,313.294236504898,193.234673179489,187.388199869336,182.396383915249,176.753498248101,182.803014997215,168.42652986921,167.350790919036,176.446602546825,172.819545887817,..
"Incidence of malaria (per 1,000 population at risk)",SH.MLR.INCD.P3,Africa Western and Central,AFW,..,412.922950859075,317.290004864219,304.090647658543,295.948844158309,289.175139051025,285.766208918122,284.103910935102,278.63746523442,285.258562511879,281.210886062937,..
"Incidence of malaria (per 1,000 population at risk)",SH.MLR.INCD.P3,Arab World,ARB,..,28.5533939439703,10.9431731202349,11.8417901485614,12.9408658679954,15.6498758320553,15.6418240595874,17.069714251497,17.9139179938243,18.9730888071135,19.7633241550084,..
"Incidence of malaria (per 1,000 population at risk)",SH.MLR.INCD.P3,Caribbean small states,CSS,..,..,..,..,..,..,..,..,..,..,..,..
"Incidence of malaria (per 1,000 population at risk)",SH.MLR.INCD.P3,Central Europe and the Baltics,CEB,..,..,..,..,..,..,..,..,..,..,..,..
"Incidence of malaria (per 1,000 population at risk)",SH.MLR.INCD.P3,Early-demographic dividend,EAR,..,31.189417828248,20.7550416071721,20.0768183400985,19.0254782534761,17.5952614475144,16.4445318816452,11.7599144525344,10.5212138278744,9.67750710098213,8.64702075626537,..
"Incidence of malaria (per 1,000 population at risk)",SH.MLR.INCD.P3,East Asia & Pacific,EAS,..,6.10622428317124,3.82048625270923,3.45880909058943,2.44813435182315,2.57337548350836,2.28742853149553,2.29110678928919,2.11046680019797,2.29510570483912,..,..
"Incidence of malaria (per 1,000 population at risk)",SH.MLR.INCD.P3,East Asia & Pacific (excluding high income),EAP,..,6.12353420824462,3.83310069428178,3.4700327072513,2.45586016503185,2.5815368931823,2.29474688818081,2.29834790456052,2.11708967582205,2.30243178211349,..,..
"Incidence of malaria (per 1,000 population at risk)",SH.MLR.INCD.P3,East Asia & Pacific (IDA & IBRD countries),TEA,..,6.08516423760887,3.8556199753162,3.49283167956319,2.47239645779607,2.60114049175943,2.31201502666031,2.31647452269774,2.13520315416567,2.32231356593752,..,..
"Incidence of malaria (per 1,000 population at risk)",SH.MLR.INCD.P3,Euro area,EMU,..,..,..,..,..,..,..,..,..,..,..,..
"Incidence of malaria (per 1,000 population at risk)",SH.MLR.INCD.P3,Europe & Central Asia,ECS,..,..,..,..,..,..,..,..,..,..,..,..
"Incidence of malaria (per 1,000 population at risk)",SH.MLR.INCD.P3,Europe & Central Asia (excluding high income),ECA,..,..,..,..,..,..,..,..,..,..,..,..
"Incidence of malaria (per 1,000 population at risk)",SH.MLR.INCD.P3,Europe & Central Asia (IDA & IBRD countries),TEC,..,..,..,..,..,..,..,..,..,..,..,..
"Incidence of malaria (per 1,000 population at risk)",SH.MLR.INCD.P3,European Union,EUU,..,..,..,..,..,..,..,..,..,..,..,..
"Incidence of malaria (per 1,000 population at risk)",SH.MLR.INCD.P3,Fragile and conflict affected situations,FCS,..,303.637035093086,226.818153342898,218.968149658384,210.575566288576,205.566244767119,204.811089306756,200.804035755941,198.822608773078,206.982664536306,202.788855788588,..
"Incidence of malaria (per 1,000 population at risk)",SH.MLR.INCD.P3,Heavily indebted poor countries (HIPC),HPC,..,339.345509614847,234.866458206593,224.771302402862,217.150387104016,209.43844353725,209.246027066892,197.839314220876,192.538290098599,198.391389803174,195.788516471468,..
"Incidence of malaria (per 1,000 population at risk)",SH.MLR.INCD.P3,High income,HIC,..,..,..,..,..,..,..,..,..,..,..,..
"Incidence of malaria (per 1,000 population at risk)",SH.MLR.INCD.P3,IBRD only,IBD,..,13.7844374503717,7.28847918403187,7.25358988635749,7.60919757045495,8.01126845010807,7.03593222747514,6.07718091447693,5.81772888530178,5.5981615414838,..,..
"Incidence of malaria (per 1,000 population at risk)",SH.MLR.INCD.P3,IDA & IBRD total,IBT,..,83.2489578558616,63.2804316980464,61.5443694816311,60.588106492227,60.0797064474041,60.3541489645266,58.2065198380789,57.5902317438466,60.4264954869036,70.4693349085731,..
"Incidence of malaria (per 1,000 population at risk)",SH.MLR.INCD.P3,IDA blend,IDB,..,201.360298778953,144.320190134349,141.000207359663,138.369930823575,139.035874574085,141.637425930911,140.895341813071,141.124883962692,147.409342217857,143.137178890772,..
"Incidence of malaria (per 1,000 population at risk)",SH.MLR.INCD.P3,IDA only,IDX,..,282.801188809347,199.991605391211,191.70165465795,185.346557949613,178.959835944459,179.534226829138,170.043973349821,165.663479037335,172.395625139903,170.782308537423,..
"Incidence of malaria (per 1,000 population at risk)",SH.MLR.INCD.P3,IDA total,IDA,..,250.771157179296,178.394665510968,172.070983499947,167.209736032016,163.605047911573,165.013194213764,158.912974409678,156.326905122052,162.864848300526,160.267327137583,..
"Incidence of malaria (per 1,000 population at risk)",SH.MLR.INCD.P3,Late-demographic dividend,LTE,..,2.30724499841152,0.511100927971389,0.370721488276489,0.371620964475167,0.350112248387231,0.416793491512829,0.430976449790484,0.403261136325762,0.375020947860121,..,..
"Incidence of malaria (per 1,000 population at risk)",SH.MLR.INCD.P3,Latin America & Caribbean,LCN,..,14.092390356153,4.38427112286226,3.57934595111234,4.26380023098254,5.06928580036427,6.89263479381131,6.71060128542005,6.40525171093221,4.59203732132218,4.25102601314388,..
"Incidence of malaria (per 1,000 population at risk)",SH.MLR.INCD.P3,Latin America & Caribbean (excluding high income),LAC,..,15.7306382004654,3.798092132115,3.05550230909528,3.44504242975373,3.33685934995321,3.72909003182792,3.55614988694162,3.31433920901862,3.28023670695141,2.98197098425381,..
"Incidence of malaria (per 1,000 population at risk)",SH.MLR.INCD.P3,Latin America & the Caribbean (IDA & IBRD countries),TLA,..,14.092390356153,4.38427112286226,3.57934595111234,4.26380023098254,5.06928580036427,6.89263479381131,6.71060128542005,6.40525171093221,4.59203732132218,4.25102601314388,..
"Incidence of malaria (per 1,000 population at risk)",SH.MLR.INCD.P3,Least developed countries: UN classification,LDC,..,290.98777854098,202.491131063722,195.413016399136,190.570008672194,185.445307180156,187.892852244935,178.269396718616,173.923711413184,180.481041365396,179.041830886837,..
"Incidence of malaria (per 1,000 population at risk)",SH.MLR.INCD.P3,Low & middle income,LMY,..,83.4472063458029,63.4086777849992,61.6739380604659,60.7024426470144,60.1603193659804,60.3802910411492,58.2222926348032,57.6009530999626,60.5015958661853,70.5834317125807,..
"Incidence of malaria (per 1,000 population at risk)",SH.MLR.INCD.P3,Low income,LIC,..,306.389272165277,226.98850760275,217.175492196555,210.072654904498,204.29564853157,207.706953686207,194.697841837906,189.159132842387,196.005239172732,192.843854051712,..
"Incidence of malaria (per 1,000 population at risk)",SH.MLR.INCD.P3,Lower middle income,LMC,..,79.3420194977146,53.6802833081474,52.7395270774642,52.2551986177269,52.0921492568234,51.1857500812015,49.9567262825395,49.7089054368805,51.4958688000383,51.2116721291988,..
"Incidence of malaria (per 1,000 population at risk)",SH.MLR.INCD.P3,Middle East & North Africa,MEA,..,7.87758740442894,3.70707872506666,3.11263696652503,2.69105503041228,3.41443582268068,3.78721227978378,4.37456035567599,4.22234024048848,4.11134851824329,4.81473394680699,..
"Incidence of malaria (per 1,000 population at risk)",SH.MLR.INCD.P3,Middle East & North Africa (excluding high income),MNA,..,8.06684423212458,4.02756217188396,3.38450862083274,2.92735092301457,3.71482894116728,4.12117640429848,4.7587279674461,4.58913256775536,4.46236533403836,5.22055890052398,..
"Incidence of malaria (per 1,000 population at risk)",SH.MLR.INCD.P3,Middle East & North Africa (IDA & IBRD countries),TMN,..,8.06684423212458,4.02756217188396,3.38450862083274,2.92735092301457,3.71482894116728,4.12117640429848,4.7587279674461,4.58913256775536,4.46236533403836,5.22055890052398,..
"Incidence of malaria (per 1,000 population at risk)",SH.MLR.INCD.P3,Middle income,MIC,..,54.6879178404732,38.2265663312342,37.4898603376159,37.1888770512408,37.1593504180466,36.5310154198599,35.755722054767,35.6146740357226,37.2269359626806,44.8054632812302,..
"Incidence of malaria (per 1,000 population at risk)",SH.MLR.INCD.P3,North America,NAC,..,..,..,..,..,..,..,..,..,..,..,..
"Incidence of malaria (per 1,000 population at risk)",SH.MLR.INCD.P3,Not classified,INX,..,..,..,..,..,..,..,..,..,..,..,..
"Incidence of malaria (per 1,000 population at risk)",SH.MLR.INCD.P3,OECD members,OED,..,..,..,..,..,..,..,..,..,..,..,..
"Incidence of malaria (per 1,000 population at risk)",SH.MLR.INCD.P3,Other small states,OSS,..,..,..,..,..,..,..,..,..,..,..,..
"Incidence of malaria (per 1,000 population at risk)",SH.MLR.INCD.P3,Pacific island small states,PSS,..,..,..,..,..,..,..,..,..,..,..,..
"Incidence of malaria (per 1,000 population at risk)",SH.MLR.INCD.P3,Post-demographic dividend,PST,..,..,..,..,..,..,..,..,..,..,..,..
"Incidence of malaria (per 1,000 population at risk)",SH.MLR.INCD.P3,Pre-demographic dividend,PRE,..,359.676425637515,244.498269188946,235.37328607063,230.750615761151,229.306304350656,230.598356334764,229.842678850296,227.573802028011,236.822356294741,235.228585061687,..
"Incidence of malaria (per 1,000 population at risk)",SH.MLR.INCD.P3,Small states,SST,..,..,..,..,..,..,..,..,..,..,..,..
"Incidence of malaria (per 1,000 population at risk)",SH.MLR.INCD.P3,South Asia,SAS,..,18.8444455546512,8.6468508642357,8.45251465111361,8.85057242069556,9.35112964405782,7.15075276417859,5.20789529570739,4.21269091437349,3.10495463812092,3.09621712851885,..
"Incidence of malaria (per 1,000 population at risk)",SH.MLR.INCD.P3,South Asia (IDA & IBRD),TSA,..,18.8444455546512,8.6468508642357,8.45251465111361,8.85057242069556,9.35112964405782,7.15075276417859,5.20789529570739,4.21269091437349,3.10495463812092,3.09621712851885,..
"Incidence of malaria (per 1,000 population at risk)",SH.MLR.INCD.P3,Sub-Saharan Africa,SSF,..,358.012314006277,248.580178348734,239.406052404238,232.962051547261,226.759610285224,228.556941923448,219.781615031649,216.701530608666,224.644166423978,220.780093771519,..
"Incidence of malaria (per 1,000 population at risk)",SH.MLR.INCD.P3,Sub-Saharan Africa (excluding high income),SSA,..,358.012314006277,248.580178348734,239.406052404238,232.962051547261,226.759610285224,228.556941923448,219.781615031649,216.701530608666,224.644166423978,220.780093771519,..
"Incidence of malaria (per 1,000 population at risk)",SH.MLR.INCD.P3,Sub-Saharan Africa (IDA & IBRD countries),TSS,..,358.012314006277,248.580178348734,239.406052404238,232.962051547261,226.759610285224,228.556941923448,219.781615031649,216.701530608666,224.644166423978,220.780093771519,..
"Incidence of malaria (per 1,000 population at risk)",SH.MLR.INCD.P3,Upper middle income,UMC,..,3.8578092399187,2.87746714326234,2.45723344042518,2.32472452311815,2.34248078449577,2.104731301288,1.95246061590949,1.96332350165464,1.99563695017688,..,..
"Incidence of malaria (per 1,000 population at risk)",SH.MLR.INCD.P3,World,WLD,..,82.8201950090793,62.8013679998666,61.0783526733844,60.1290938321304,59.624568679834,59.8983208371721,57.7687925731872,57.1606680829793,59.9768537544695,..,..
,,,,,,,,,,,,,,,
,,,,,,,,,,,,,,,
,,,,,,,,,,,,,,,
Data from database: World Development Indicators,,,,,,,,,,,,,,,
Last Updated: 07/25/2023,,,,,,,,,,,,,,,
